Metro,Change in jobs,Employment,Skilled labor per 100 jobs,College degrees per 100 people,Skilled color,Degree color,Size
"Atlanta, GA",0.028,2575160.0,38.7,66.2,green,red,Large metro (pop. >1M)
"Austin, TX",0.057,992840.0,39.5,67.0,green,red,Large metro (pop. >1M)
"Baltimore, MD",-0.011,1295500.0,40.1,69.19999999999999,green,green,Large metro (pop. >1M)
"Birmingham, AL",-0.013,483970.0,34.6,68.4,red,green,Large metro (pop. >1M)
"Buffalo, NY",-0.042,513130.0,33.7,70.5,red,green,Large metro (pop. >1M)
"Charlotte, NC",0.047,1188950.0,36.4,67.5,green,red,Large metro (pop. >1M)
"Chicago, IL",0.012,4462210.0,38.9,67.80000000000001,green,red,Large metro (pop. >1M)
"Cincinnati, OH",0.004,1031510.0,35.8,67.10000000000001,red,red,Large metro (pop. >1M)
"Cleveland, OH",-0.013,985160.0,36.8,70.1,green,green,Large metro (pop. >1M)
"Columbus, OH",-0.008,989180.0,37.7,67.10000000000001,green,red,Large metro (pop. >1M)
"Dallas, TX",0.022,3440040.0,35.8,64.60000000000001,red,red,Large metro (pop. >1M)
"Denver, CO",0.039,1440720.0,42.8,69.1,green,green,Large metro (pop. >1M)
"Detroit, MI",-0.02,1830090.0,36.8,69.19999999999999,green,green,Large metro (pop. >1M)
"Grand Rapids, MI",-0.035,508650.0,29.4,65.3,red,red,Large metro (pop. >1M)
"Houston, TX",-0.027,2824600.0,35.1,64.1,red,red,Large metro (pop. >1M)
"Indianapolis, IN",0.005,988670.0,35.8,66.4,red,red,Large metro (pop. >1M)
"Jacksonville, FL",0.052,661570.0,33.7,69.0,red,green,Large metro (pop. >1M)
"Kansas City, MO",-0.017,1006330.0,36.8,67.5,green,red,Large metro (pop. >1M)
"Las Vegas, NV",0.064,972290.0,26.6,68.2,red,green,Large metro (pop. >1M)
"Los Angeles, CA",0.014,5802540.0,37.9,68.30000000000001,green,green,Large metro (pop. >1M)
"Louisville/Jefferson County, KY",-0.061,590130.0,30.3,69.0,red,green,Large metro (pop. >1M)
"Memphis, TN",-0.028,586400.0,28.8,65.7,red,red,Large metro (pop. >1M)
"Miami, FL",0.018,2536200.0,35.5,71.39999999999999,red,green,Large metro (pop. >1M)
"Milwaukee, WI",-0.044,785050.0,36.0,67.9,red,red,Large metro (pop. >1M)
"Minneapolis, MN",-0.037,1823130.0,39.8,67.7,green,red,Large metro (pop. >1M)
"Nashville, TN",0.031,922760.0,33.6,67.4,red,red,Large metro (pop. >1M)
"New Orleans, LA",-0.043,519230.0,34.5,69.5,red,green,Large metro (pop. >1M)
"New York, NY",0.004,9087290.0,39.5,69.69999999999999,green,green,Large metro (pop. >1M)
"Oklahoma City, OK",-0.002,593260.0,36.4,65.3,green,red,Large metro (pop. >1M)
"Orlando, FL",0.068,1197400.0,31.6,68.4,red,green,Large metro (pop. >1M)
"Philadelphia, PA",-0.007,2716730.0,38.5,69.1,green,green,Large metro (pop. >1M)
"Phoenix, AZ",0.056,1995140.0,36.8,66.7,green,red,Large metro (pop. >1M)
"Pittsburgh, PA",-0.037,1076190.0,36.0,72.6,red,green,Large metro (pop. >1M)
"Portland, OR",0.042,1151180.0,39.0,70.19999999999999,green,green,Large metro (pop. >1M)
"Raleigh, NC",0.057,618070.0,41.1,66.8,green,red,Large metro (pop. >1M)
"Richmond, VA",-0.002,614590.0,35.6,69.19999999999999,red,green,Large metro (pop. >1M)
"Riverside, CA",0.063,1424200.0,28.2,63.800000000000004,red,red,Large metro (pop. >1M)
"Rochester, NY",-0.046,478270.0,35.5,69.19999999999999,red,green,Large metro (pop. >1M)
"Sacramento, CA",0.065,937920.0,38.0,67.5,green,red,Large metro (pop. >1M)
"Salt Lake City, UT",0.049,684300.0,38.9,62.8,green,red,Large metro (pop. >1M)
"San Antonio, TX",-0.007,948740.0,32.6,64.60000000000001,red,red,Large metro (pop. >1M)
"San Diego, CA",0.028,1398910.0,39.1,67.7,green,red,Large metro (pop. >1M)
"San Francisco, CA",0.046,2286420.0,44.2,72.3,green,green,Large metro (pop. >1M)
"San Jose, CA",0.045,1045080.0,49.8,69.1,green,green,Large metro (pop. >1M)
"San Juan, PR",-0.065,606780.0,32.2,70.89999999999999,red,green,Large metro (pop. >1M)
"Seattle, WA",0.047,1897540.0,41.4,70.0,green,green,Large metro (pop. >1M)
"St. Louis, MO",-0.028,1282070.0,36.4,69.19999999999999,green,green,Large metro (pop. >1M)
"Tampa, FL",0.009,1252400.0,36.4,72.2,red,green,Large metro (pop. >1M)
"Tucson, AZ",0.013,342460.0,35.5,67.0,red,red,Large metro (pop. >1M)
"Virginia Beach, VA",0.001,715770.0,35.4,67.10000000000001,red,red,Large metro (pop. >1M)
"Washington, DC",0.011,3075600.0,50.0,68.2,green,green,Large metro (pop. >1M)
"Akron, OH",-0.036,297790.0,33.5,69.0,green,green,Mid-sized metro (pop. >500K)
"Albany, NY",-0.013,423840.0,39.0,69.1,green,green,Mid-sized metro (pop. >500K)
"Albuquerque, NM",-0.019,358920.0,35.1,68.7,green,green,Mid-sized metro (pop. >500K)
"Allentown, PA",-0.015,338560.0,30.0,69.69999999999999,red,green,Mid-sized metro (pop. >500K)
"Augusta, GA",0.013,197700.0,31.6,67.4,green,green,Mid-sized metro (pop. >500K)
"Bakersfield, CA",0.045,292650.0,27.5,60.6,red,red,Mid-sized metro (pop. >500K)
"Baton Rouge, LA",-0.056,356120.0,31.4,65.2,red,red,Mid-sized metro (pop. >500K)
"Boise City, ID",0.095,303280.0,34.4,65.7,green,red,Mid-sized metro (pop. >500K)
"Cape Coral, FL",0.049,249440.0,28.0,75.2,red,green,Mid-sized metro (pop. >500K)
"Charleston, SC",0.057,330020.0,32.9,69.1,green,green,Mid-sized metro (pop. >500K)
"Chattanooga, TN",-0.01,221570.0,29.3,70.19999999999999,red,green,Mid-sized metro (pop. >500K)
"Colorado Springs, CO",0.066,264580.0,37.7,65.10000000000001,green,red,Mid-sized metro (pop. >500K)
"Columbia, SC",0.018,353190.0,33.8,66.10000000000001,green,red,Mid-sized metro (pop. >500K)
"Deltona, FL",0.009,179690.0,28.5,74.5,red,green,Mid-sized metro (pop. >500K)
"Des Moines, IA",0.024,343970.0,37.0,66.5,green,red,Mid-sized metro (pop. >500K)
"Durham, NC",0.008,283990.0,45.6,68.10000000000001,green,green,Mid-sized metro (pop. >500K)
"El Paso, TX",0.003,277330.0,28.9,61.1,red,red,Mid-sized metro (pop. >500K)
"Fayetteville, AR",0.081,225120.0,30.2,63.4,red,red,Mid-sized metro (pop. >500K)
"Fayetteville, NC",-0.005,113950.0,31.5,62.8,green,red,Mid-sized metro (pop. >500K)
"Fresno, CA",0.048,349970.0,29.3,61.4,red,red,Mid-sized metro (pop. >500K)
"Greensboro, NC",-0.013,340990.0,29.8,67.80000000000001,red,green,Mid-sized metro (pop. >500K)
"Greenville, SC",-0.019,377010.0,30.8,67.5,red,green,Mid-sized metro (pop. >500K)
"Harrisburg, PA",-0.006,302640.0,33.9,69.8,green,green,Mid-sized metro (pop. >500K)
"Jackson, MS",-0.047,237060.0,33.8,66.10000000000001,green,red,Mid-sized metro (pop. >500K)
"Knoxville, TN",-0.057,349950.0,30.9,69.3,red,green,Mid-sized metro (pop. >500K)
"Lakeland, FL",0.053,207530.0,25.9,69.3,red,green,Mid-sized metro (pop. >500K)
"Lancaster, PA",0.005,224270.0,26.1,67.30000000000001,red,green,Mid-sized metro (pop. >500K)
"Lansing, MI",0.076,190050.0,34.4,64.9,green,red,Mid-sized metro (pop. >500K)
"Lexington, KY",-0.052,234660.0,31.1,65.8,red,red,Mid-sized metro (pop. >500K)
"Little Rock, AR",-0.011,324390.0,36.6,67.0,green,red,Mid-sized metro (pop. >500K)
"Madison, WI",0.012,364120.0,40.0,66.7,green,red,Mid-sized metro (pop. >500K)
"McAllen, TX",-0.131,205530.0,28.4,56.00000000000001,red,red,Mid-sized metro (pop. >500K)
"Modesto, CA",0.045,166940.0,28.0,63.3,red,red,Mid-sized metro (pop. >500K)
"North Port, FL",0.019,277310.0,29.5,77.4,red,green,Mid-sized metro (pop. >500K)
"Ogden, UT",0.043,244740.0,34.2,59.699999999999996,green,red,Mid-sized metro (pop. >500K)
"Omaha, NE",-0.006,468310.0,36.8,65.5,green,red,Mid-sized metro (pop. >500K)
"Oxnard, CA",0.005,284830.0,33.5,67.30000000000001,green,green,Mid-sized metro (pop. >500K)
"Palm Bay, FL",0.084,206170.0,37.5,74.3,green,green,Mid-sized metro (pop. >500K)
"Pensacola, FL",0.035,154770.0,28.2,68.2,red,green,Mid-sized metro (pop. >500K)
"Provo, UT",0.121,232210.0,36.2,49.6,green,red,Mid-sized metro (pop. >500K)
"Scranton, PA",-0.062,232030.0,26.5,71.2,red,green,Mid-sized metro (pop. >500K)
"Spokane, WA",-0.002,214470.0,31.8,68.5,green,green,Mid-sized metro (pop. >500K)
"Stockton, CA",-0.022,212430.0,24.3,62.9,red,red,Mid-sized metro (pop. >500K)
"Syracuse, NY",-0.011,281510.0,33.3,68.0,green,green,Mid-sized metro (pop. >500K)
"Toledo, OH",-0.054,267960.0,29.5,67.10000000000001,red,red,Mid-sized metro (pop. >500K)
"Tulsa, OK",-0.002,413310.0,32.3,66.5,green,red,Mid-sized metro (pop. >500K)
"Urban Honolulu, HI",-0.058,419540.0,34.9,69.3,green,green,Mid-sized metro (pop. >500K)
"Wichita, KS",-0.036,268770.0,30.8,65.0,red,red,Mid-sized metro (pop. >500K)
"Winston, NC",-0.033,237570.0,31.1,68.8,red,green,Mid-sized metro (pop. >500K)
"Youngstown, OH",-0.066,192870.0,28.2,71.2,red,green,Mid-sized metro (pop. >500K)
"Abilene, TX",0.039,55970.0,26.3,63.3,green,red,Small metro (pop. <500K)
"Aguadilla, PR",0.009,35180.0,23.1,71.5,red,green,Small metro (pop. <500K)
"Albany, GA",-0.053,46760.0,22.7,65.4,red,red,Small metro (pop. <500K)
"Albany, OR",0.032,36180.0,18.9,69.5,red,green,Small metro (pop. <500K)
"Alexandria, LA",-0.092,47520.0,25.9,67.10000000000001,green,red,Small metro (pop. <500K)
"Altoona, PA",-0.022,49270.0,24.9,71.8,red,green,Small metro (pop. <500K)
"Amarillo, TX",-0.057,96420.0,26.4,64.8,green,red,Small metro (pop. <500K)
"Ames, IA",-0.066,33160.0,26.6,56.2,green,red,Small metro (pop. <500K)
"Anchorage, AK",-0.055,155490.0,35.5,65.2,green,red,Small metro (pop. <500K)
"Ann Arbor, MI",0.138,197090.0,41.4,62.5,green,red,Small metro (pop. <500K)
"Anniston, AL",0.014,34750.0,18.9,69.0,red,green,Small metro (pop. <500K)
"Appleton, WI",-0.016,107700.0,26.0,67.80000000000001,green,green,Small metro (pop. <500K)
"Arecibo, PR",0.088,21640.0,19.5,71.5,red,green,Small metro (pop. <500K)
"Asheville, NC",0.021,181330.0,30.3,73.8,green,green,Small metro (pop. <500K)
"Athens, GA",0.005,70590.0,27.6,60.699999999999996,green,red,Small metro (pop. <500K)
"Atlantic City, NJ",0.031,120410.0,27.8,69.39999999999999,green,green,Small metro (pop. <500K)
"Auburn, AL",0.02,45810.0,21.0,60.199999999999996,red,red,Small metro (pop. <500K)
"Battle Creek, MI",-0.054,40830.0,26.2,67.9,green,green,Small metro (pop. <500K)
"Bay City, MI",-0.094,24660.0,20.9,71.7,red,green,Small metro (pop. <500K)
"Beaumont, TX",-0.044,141580.0,28.0,66.7,green,red,Small metro (pop. <500K)
"Beckley, WV",-0.067,33300.0,19.9,71.8,red,green,Small metro (pop. <500K)
"Bellingham, WA",0.054,76950.0,25.7,66.2,green,red,Small metro (pop. <500K)
"Bend, OR",0.113,74690.0,30.6,72.8,green,green,Small metro (pop. <500K)
"Billings, MT",-0.069,73580.0,26.5,69.0,green,green,Small metro (pop. <500K)
"Binghamton, NY",-0.033,88380.0,30.7,67.30000000000001,green,red,Small metro (pop. <500K)
"Bismarck, ND",-0.064,61740.0,32.4,68.30000000000001,green,green,Small metro (pop. <500K)
"Blacksburg, VA",0.045,54450.0,22.9,61.1,red,red,Small metro (pop. <500K)
"Bloomington, IL",-0.037,73050.0,34.5,60.699999999999996,green,red,Small metro (pop. <500K)
"Bloomington, IN",-0.024,50440.0,23.2,59.4,red,red,Small metro (pop. <500K)
"Bloomsburg, PA",0.013,30470.0,25.7,67.9,green,green,Small metro (pop. <500K)
"Boulder, CO",0.033,169900.0,47.7,66.0,green,red,Small metro (pop. <500K)
"Bowling Green, KY",-0.038,60560.0,24.5,63.2,red,red,Small metro (pop. <500K)
"Bremerton, WA",0.113,78780.0,30.7,69.5,green,green,Small metro (pop. <500K)
"Brownsville, TX",-0.145,109550.0,25.4,58.599999999999994,green,red,Small metro (pop. <500K)
"Brunswick, GA",0.066,34940.0,24.8,70.7,red,green,Small metro (pop. <500K)
"Burlington, NC",-0.046,48740.0,17.5,67.30000000000001,red,red,Small metro (pop. <500K)
"California, MD",0.044,38630.0,44.9,66.2,green,red,Small metro (pop. <500K)
"Canton, OH",-0.02,150070.0,27.9,69.89999999999999,green,green,Small metro (pop. <500K)
"Cape Girardeau, MO",-0.053,33360.0,23.5,65.60000000000001,red,red,Small metro (pop. <500K)
"Carbondale, IL",0.035,41220.0,27.0,66.8,green,red,Small metro (pop. <500K)
"Carson City, NV",0.095,22270.0,26.3,71.8,green,green,Small metro (pop. <500K)
"Casper, WY",-0.081,31000.0,20.4,67.7,red,green,Small metro (pop. <500K)
"Cedar Rapids, IA",0.039,129040.0,34.6,67.80000000000001,green,green,Small metro (pop. <500K)
"Chambersburg, PA",-0.026,49660.0,22.5,69.69999999999999,red,green,Small metro (pop. <500K)
"Champaign, IL",0.043,82450.0,30.4,59.0,green,red,Small metro (pop. <500K)
"Charleston, WV",-0.106,92960.0,31.1,71.89999999999999,green,green,Small metro (pop. <500K)
"Charlottesville, VA",0.048,98730.0,37.1,68.30000000000001,green,green,Small metro (pop. <500K)
"Cheyenne, WY",-0.007,37270.0,28.0,67.7,green,green,Small metro (pop. <500K)
"Chico, CA",0.056,66010.0,29.2,65.3,green,red,Small metro (pop. <500K)
"Clarksville, TN",-0.059,71810.0,24.4,61.6,red,red,Small metro (pop. <500K)
"Cleveland, TN",-0.041,29340.0,17.1,68.8,red,green,Small metro (pop. <500K)
"Coeur d'Alene, ID",0.035,52510.0,25.4,69.3,green,green,Small metro (pop. <500K)
"College Station, TX",0.202,99780.0,34.7,55.300000000000004,green,red,Small metro (pop. <500K)
"Columbia, MO",-0.029,76730.0,30.8,61.199999999999996,green,red,Small metro (pop. <500K)
"Columbus, GA",0.016,97550.0,31.8,66.0,green,red,Small metro (pop. <500K)
"Columbus, IN",0.031,37690.0,24.7,67.9,red,green,Small metro (pop. <500K)
"Corpus Christi, TX",-0.043,163670.0,26.8,65.0,green,red,Small metro (pop. <500K)
"Corvallis, OR",0.017,25750.0,25.4,60.8,green,red,Small metro (pop. <500K)
"Crestview, FL",0.023,98510.0,29.1,69.89999999999999,green,green,Small metro (pop. <500K)
"Cumberland, MD",0.061,28940.0,22.5,70.3,red,green,Small metro (pop. <500K)
"Dalton, GA",-0.101,54300.0,16.0,65.0,red,red,Small metro (pop. <500K)
"Danville, IL",0.041,19340.0,20.5,68.10000000000001,red,green,Small metro (pop. <500K)
"Daphne, AL",0.08,65460.0,21.9,71.0,red,green,Small metro (pop. <500K)
"Davenport, IA",-0.031,165410.0,31.8,68.60000000000001,green,green,Small metro (pop. <500K)
"Decatur, AL",-0.052,41980.0,20.1,69.5,red,green,Small metro (pop. <500K)
"Decatur, IL",-0.014,34770.0,21.0,68.89999999999999,red,green,Small metro (pop. <500K)
"Dothan, AL",-0.029,46920.0,22.7,69.5,red,green,Small metro (pop. <500K)
"Dover, DE",-0.026,50080.0,21.6,66.8,red,red,Small metro (pop. <500K)
"Dubuque, IA",-0.024,48150.0,26.5,66.9,green,red,Small metro (pop. <500K)
"Duluth, MN",-0.042,112180.0,31.2,69.19999999999999,green,green,Small metro (pop. <500K)
"East Stroudsburg, PA",0.023,45340.0,16.6,69.39999999999999,red,green,Small metro (pop. <500K)
"Eau Claire, WI",-0.058,69680.0,28.4,66.10000000000001,green,red,Small metro (pop. <500K)
"El Centro, CA",-0.001,45680.0,21.6,60.9,red,red,Small metro (pop. <500K)
"Elizabethtown, KY",-0.025,44420.0,28.6,66.9,green,red,Small metro (pop. <500K)
"Elkhart, IN",-0.115,103850.0,18.8,63.4,red,red,Small metro (pop. <500K)
"Elmira, NY",-0.113,26100.0,18.4,70.19999999999999,red,green,Small metro (pop. <500K)
"Enid, OK",,17530.0,18.9,65.5,red,red,Small metro (pop. <500K)
"Erie, PA",-0.064,105730.0,26.5,68.5,green,green,Small metro (pop. <500K)
"Eugene, OR",0.049,141280.0,30.5,68.7,green,green,Small metro (pop. <500K)
"Evansville, IN",-0.005,139660.0,28.1,68.8,green,green,Small metro (pop. <500K)
"Fairbanks, AK",-0.082,26780.0,28.7,62.4,green,red,Small metro (pop. <500K)
"Fargo, ND",-0.026,125680.0,33.8,62.6,green,red,Small metro (pop. <500K)
"Farmington, NM",-0.091,39110.0,21.7,64.5,red,red,Small metro (pop. <500K)
"Flagstaff, AZ",-0.046,48350.0,21.5,58.8,red,red,Small metro (pop. <500K)
"Flint, MI",0.035,117050.0,28.0,68.5,green,green,Small metro (pop. <500K)
"Florence, AL",-0.034,44880.0,19.9,69.6,red,green,Small metro (pop. <500K)
"Florence, SC",0.007,75850.0,27.0,68.0,green,green,Small metro (pop. <500K)
"Fond du Lac, WI",-0.138,31550.0,19.2,69.8,red,green,Small metro (pop. <500K)
"Fort Collins, CO",0.128,148020.0,36.1,65.8,green,red,Small metro (pop. <500K)
"Fort Smith, AR",-0.104,92190.0,25.6,67.10000000000001,green,red,Small metro (pop. <500K)
"Fort Wayne, IN",-0.026,193670.0,30.7,65.4,green,red,Small metro (pop. <500K)
"Gadsden, AL",-0.029,26460.0,18.2,70.1,red,green,Small metro (pop. <500K)
"Gainesville, FL",0.051,118230.0,32.2,62.9,green,red,Small metro (pop. <500K)
"Gainesville, GA",-0.038,71200.0,20.6,65.3,red,red,Small metro (pop. <500K)
"Gettysburg, PA",-0.004,25740.0,16.0,70.3,red,green,Small metro (pop. <500K)
"Glens Falls, NY",-0.108,40940.0,21.4,73.7,red,green,Small metro (pop. <500K)
"Goldsboro, NC",0.153,34600.0,23.0,66.5,red,red,Small metro (pop. <500K)
"Grand Forks, ND",-0.095,38110.0,20.1,61.5,red,red,Small metro (pop. <500K)
"Grand Island, NE",-0.07,30470.0,19.2,65.3,red,red,Small metro (pop. <500K)
"Grand Junction, CO",0.007,51670.0,25.2,68.89999999999999,red,green,Small metro (pop. <500K)
"Grants Pass, OR",0.123,19580.0,14.9,74.0,red,green,Small metro (pop. <500K)
"Great Falls, MT",-0.054,28780.0,23.8,67.80000000000001,red,green,Small metro (pop. <500K)
"Greeley, CO",0.171,92670.0,24.7,64.4,red,red,Small metro (pop. <500K)
"Green Bay, WI",-0.028,157630.0,30.4,67.9,green,green,Small metro (pop. <500K)
"Greenville, NC",-0.026,62180.0,27.0,60.8,green,red,Small metro (pop. <500K)
"Guayama, PR",0.161,7870.0,16.5,69.69999999999999,red,green,Small metro (pop. <500K)
"Gulfport, MS",-0.001,136450.0,29.1,67.5,green,red,Small metro (pop. <500K)
"Hagerstown, MD",-0.018,88210.0,26.8,69.8,green,green,Small metro (pop. <500K)
"Hammond, LA",0.006,33220.0,22.2,65.0,red,red,Small metro (pop. <500K)
"Hanford, CA",0.011,28860.0,14.4,61.7,red,red,Small metro (pop. <500K)
"Harrisonburg, VA",0.006,50990.0,19.5,61.4,red,red,Small metro (pop. <500K)
"Hattiesburg, MS",-0.059,48150.0,18.6,64.5,red,red,Small metro (pop. <500K)
"Hickory, NC",-0.036,135980.0,23.3,70.89999999999999,red,green,Small metro (pop. <500K)
"Hilton Head Island, SC",0.065,70090.0,25.6,71.6,green,green,Small metro (pop. <500K)
"Hinesville, GA",0.027,11090.0,13.7,59.0,red,red,Small metro (pop. <500K)
"Homosassa Springs, FL",0.009,24700.0,19.4,79.60000000000001,red,green,Small metro (pop. <500K)
"Hot Springs, AR",0.017,29840.0,21.7,72.5,red,green,Small metro (pop. <500K)
"Houma, LA",-0.13,70400.0,26.5,66.9,green,red,Small metro (pop. <500K)
"Huntington, WV",-0.058,114750.0,30.4,69.69999999999999,green,green,Small metro (pop. <500K)
"Huntsville, AL",0.024,210730.0,42.1,68.60000000000001,green,green,Small metro (pop. <500K)
"Idaho Falls, ID",0.038,56920.0,30.2,60.199999999999996,green,red,Small metro (pop. <500K)
"Iowa City, IA",-0.038,74150.0,31.8,60.0,green,red,Small metro (pop. <500K)
"Ithaca, NY",-0.077,37700.0,27.2,58.199999999999996,green,red,Small metro (pop. <500K)
"Jackson, MI",-0.103,42250.0,24.7,69.5,red,green,Small metro (pop. <500K)
"Jackson, TN",-0.027,51340.0,25.3,66.9,red,red,Small metro (pop. <500K)
"Jacksonville, NC",0.145,40740.0,24.7,53.7,red,red,Small metro (pop. <500K)
"Janesville, WI",0.043,57590.0,26.1,68.0,green,green,Small metro (pop. <500K)
"Jefferson City, MO",-0.037,58900.0,28.5,68.4,green,green,Small metro (pop. <500K)
"Johnson City, TN",-0.024,65220.0,28.3,70.8,green,green,Small metro (pop. <500K)
"Johnstown, PA",-0.114,41060.0,25.2,71.6,red,green,Small metro (pop. <500K)
"Jonesboro, AR",0.02,47520.0,25.5,65.0,green,red,Small metro (pop. <500K)
"Joplin, MO",0.025,67190.0,22.5,66.3,red,red,Small metro (pop. <500K)
"Kahului, HI",0.027,65450.0,19.4,71.2,red,green,Small metro (pop. <500K)
"Kalamazoo, MI",-0.034,120590.0,26.9,62.7,green,red,Small metro (pop. <500K)
"Kankakee, IL",0.106,37150.0,25.7,65.9,green,red,Small metro (pop. <500K)
"Kennewick, WA",0.084,102410.0,29.1,62.5,green,red,Small metro (pop. <500K)
"Killeen, TX",-0.014,123740.0,33.0,61.6,green,red,Small metro (pop. <500K)
"Kingsport, TN",-0.042,102340.0,28.0,73.0,green,green,Small metro (pop. <500K)
"Kingston, NY",0.017,50590.0,24.4,72.89999999999999,red,green,Small metro (pop. <500K)
"Kokomo, IN",0.028,23020.0,14.5,69.19999999999999,red,green,Small metro (pop. <500K)
"La Crosse, WI",0.037,66720.0,28.5,65.0,green,red,Small metro (pop. <500K)
"Lafayette, IN",-0.031,71040.0,24.4,57.599999999999994,red,red,Small metro (pop. <500K)
"Lafayette, LA",-0.081,177990.0,28.6,66.5,green,red,Small metro (pop. <500K)
"Lake Charles, LA",-0.086,82960.0,19.3,66.3,red,red,Small metro (pop. <500K)
"Lake Havasu City, AZ",0.067,41520.0,21.6,76.3,red,green,Small metro (pop. <500K)
"Laredo, TX",0.004,86870.0,23.8,55.300000000000004,red,red,Small metro (pop. <500K)
"Las Cruces, NM",-0.025,58040.0,30.8,60.6,green,red,Small metro (pop. <500K)
"Lawrence, KS",0.024,39550.0,23.0,57.99999999999999,red,red,Small metro (pop. <500K)
"Lawton, OK",-0.05,33800.0,26.9,63.7,green,red,Small metro (pop. <500K)
"Lebanon, PA",-0.029,39970.0,20.4,68.60000000000001,red,green,Small metro (pop. <500K)
"Lewiston, ID",-0.019,18310.0,18.7,70.6,red,green,Small metro (pop. <500K)
"Lima, OH",0.01,41210.0,24.0,67.0,red,red,Small metro (pop. <500K)
"Lincoln, NE",0.006,164540.0,34.3,62.1,green,red,Small metro (pop. <500K)
"Logan, UT",0.071,48320.0,28.1,51.300000000000004,green,red,Small metro (pop. <500K)
"Longview, TX",0.001,81840.0,26.2,66.2,green,red,Small metro (pop. <500K)
"Longview, WA",0.043,29300.0,19.9,69.5,red,green,Small metro (pop. <500K)
"Lubbock, TX",0.021,129550.0,29.6,59.3,green,red,Small metro (pop. <500K)
"Lynchburg, VA",0.01,89150.0,27.9,67.0,green,red,Small metro (pop. <500K)
"Macon, GA",-0.018,83000.0,28.4,66.9,green,red,Small metro (pop. <500K)
"Madera, CA",-0.011,32210.0,15.3,62.7,red,red,Small metro (pop. <500K)
"Manhattan, KS",-0.026,29710.0,24.9,53.5,red,red,Small metro (pop. <500K)
"Mankato, MN",0.008,43140.0,25.1,60.6,red,red,Small metro (pop. <500K)
"Mansfield, OH",-0.099,38270.0,21.4,69.89999999999999,red,green,Small metro (pop. <500K)
"Mayagüez, PR",-0.085,21250.0,18.8,68.30000000000001,red,green,Small metro (pop. <500K)
"Medford, OR",0.008,75090.0,27.9,71.6,green,green,Small metro (pop. <500K)
"Merced, CA",0.086,59080.0,19.0,59.099999999999994,red,red,Small metro (pop. <500K)
"Michigan City, IN",-0.07,31140.0,18.5,70.1,red,green,Small metro (pop. <500K)
"Midland, MI",-0.051,21460.0,18.5,70.0,red,green,Small metro (pop. <500K)
"Midland, TX",0.255,96640.0,23.8,62.4,red,red,Small metro (pop. <500K)
"Missoula, MT",0.011,52250.0,29.5,67.30000000000001,green,red,Small metro (pop. <500K)
"Mobile, AL",-0.037,152970.0,26.5,67.4,green,red,Small metro (pop. <500K)
"Monroe, LA",-0.115,60560.0,24.4,65.8,red,red,Small metro (pop. <500K)
"Monroe, MI",-0.023,29540.0,18.5,70.3,red,green,Small metro (pop. <500K)
"Montgomery, AL",-0.09,141820.0,28.9,67.2,green,red,Small metro (pop. <500K)
"Morgantown, WV",-0.056,48490.0,27.1,64.9,green,red,Small metro (pop. <500K)
"Morristown, TN",-0.023,33360.0,16.2,69.89999999999999,red,green,Small metro (pop. <500K)
"Mount Vernon, WA",0.127,41990.0,24.9,70.19999999999999,red,green,Small metro (pop. <500K)
"Muncie, IN",0.015,35200.0,25.5,61.8,green,red,Small metro (pop. <500K)
"Muskegon, MI",-0.098,45240.0,17.6,68.30000000000001,red,green,Small metro (pop. <500K)
"Myrtle Beach, SC",0.077,154590.0,21.9,75.5,red,green,Small metro (pop. <500K)
"Napa, CA",0.052,66260.0,25.5,70.3,green,green,Small metro (pop. <500K)
"Naples, FL",0.032,133410.0,25.6,76.0,green,green,Small metro (pop. <500K)
"New Bern, NC",-0.035,34380.0,27.0,67.80000000000001,green,green,Small metro (pop. <500K)
"Niles, MI",-0.048,49190.0,22.0,69.8,red,green,Small metro (pop. <500K)
"Ocala, FL",0.019,85870.0,22.1,74.5,red,green,Small metro (pop. <500K)
"Ocean City, NJ",-0.005,33100.0,18.3,75.0,red,green,Small metro (pop. <500K)
"Odessa, TX",0.196,71800.0,19.4,59.4,red,red,Small metro (pop. <500K)
"Olympia, WA",0.096,102550.0,39.2,70.19999999999999,green,green,Small metro (pop. <500K)
"Oshkosh, WI",-0.07,75910.0,25.0,67.4,red,red,Small metro (pop. <500K)
"Owensboro, KY",0.068,42390.0,21.4,67.60000000000001,red,green,Small metro (pop. <500K)
"Panama City, FL",-0.107,64570.0,27.4,70.5,green,green,Small metro (pop. <500K)
"Parkersburg, WV",-0.049,28500.0,21.2,71.39999999999999,red,green,Small metro (pop. <500K)
"Peoria, IL",-0.032,150520.0,34.4,68.8,green,green,Small metro (pop. <500K)
"Pine Bluff, AR",-0.091,21590.0,20.7,69.19999999999999,red,green,Small metro (pop. <500K)
"Pocatello, ID",0.102,25600.0,22.8,63.4,red,red,Small metro (pop. <500K)
"Ponce, PR",-0.072,51050.0,25.8,69.19999999999999,green,green,Small metro (pop. <500K)
"Port St. Lucie, FL",0.03,131720.0,28.4,74.1,green,green,Small metro (pop. <500K)
"Pueblo, CO",0.038,50610.0,26.4,68.4,green,green,Small metro (pop. <500K)
"Punta Gorda, FL",0.055,39780.0,21.1,82.5,red,green,Small metro (pop. <500K)
"Racine, WI",-0.075,61340.0,24.8,68.30000000000001,red,green,Small metro (pop. <500K)
"Rapid City, SD",-0.033,58340.0,27.8,67.80000000000001,green,green,Small metro (pop. <500K)
"Reading, PA",-0.017,153470.0,26.6,67.80000000000001,green,green,Small metro (pop. <500K)
"Redding, CA",0.025,53660.0,26.1,70.6,green,green,Small metro (pop. <500K)
"Reno, NV",0.109,224640.0,28.7,69.3,green,green,Small metro (pop. <500K)
"Roanoke, VA",-0.016,140230.0,31.0,71.5,green,green,Small metro (pop. <500K)
"Rochester, MN",-0.263,73330.0,16.2,68.0,red,green,Small metro (pop. <500K)
"Rockford, IL",-0.041,129610.0,28.3,67.7,green,green,Small metro (pop. <500K)
"Rocky Mount, NC",-0.069,43880.0,21.4,69.0,red,green,Small metro (pop. <500K)
"Rome, GA",-0.026,27260.0,20.9,66.60000000000001,red,red,Small metro (pop. <500K)
"Saginaw, MI",-0.014,68890.0,23.1,68.8,red,green,Small metro (pop. <500K)
"Salem, OR",0.049,158110.0,32.4,65.60000000000001,green,red,Small metro (pop. <500K)
"Salinas, CA",0.07,160750.0,23.1,63.6,red,red,Small metro (pop. <500K)
"Salisbury, MD",0.01,149380.0,25.7,71.39999999999999,green,green,Small metro (pop. <500K)
"San Angelo, TX",-0.034,37510.0,22.6,64.0,red,red,Small metro (pop. <500K)
"San Germán, PR",-0.188,11260.0,9.0,71.1,red,green,Small metro (pop. <500K)
"San Luis Obispo, CA",0.046,101640.0,27.9,66.9,green,red,Small metro (pop. <500K)
"Santa Cruz, CA",-0.032,80740.0,28.8,65.7,green,red,Small metro (pop. <500K)
"Santa Fe, NM",-0.023,54180.0,32.6,74.2,green,green,Small metro (pop. <500K)
"Santa Maria, CA",-0.01,165540.0,30.3,61.8,green,red,Small metro (pop. <500K)
"Santa Rosa, CA",0.001,184660.0,30.5,71.89999999999999,green,green,Small metro (pop. <500K)
"Savannah, GA",0.015,152570.0,26.1,66.60000000000001,green,red,Small metro (pop. <500K)
"Sebastian, FL",0.09,45980.0,26.4,77.0,green,green,Small metro (pop. <500K)
"Sebring, FL",-0.079,16810.0,12.8,76.4,red,green,Small metro (pop. <500K)
"Sheboygan, WI",-0.109,45310.0,20.6,69.5,red,green,Small metro (pop. <500K)
"Sherman, TX",-0.019,35680.0,24.5,67.4,red,red,Small metro (pop. <500K)
"Shreveport, LA",-0.056,157040.0,29.3,67.10000000000001,green,red,Small metro (pop. <500K)
"Sierra Vista, AZ",0.036,25800.0,31.7,69.6,green,green,Small metro (pop. <500K)
"Sioux City, IA",0.01,74540.0,23.6,64.5,red,red,Small metro (pop. <500K)
"Sioux Falls, SD",0.021,144470.0,33.5,65.5,green,red,Small metro (pop. <500K)
"South Bend, IN",-0.011,118850.0,30.6,66.2,green,red,Small metro (pop. <500K)
"Spartanburg, SC",0.001,132650.0,24.0,67.5,red,red,Small metro (pop. <500K)
"Springfield, IL",0.039,91190.0,36.9,69.5,green,green,Small metro (pop. <500K)
"Springfield, MO",-0.011,186330.0,30.1,65.7,green,red,Small metro (pop. <500K)
"Springfield, OH",-0.056,37060.0,24.2,68.4,red,green,Small metro (pop. <500K)
"St. Cloud, MN",-0.034,89270.0,26.9,62.8,green,red,Small metro (pop. <500K)
"St. George, UT",0.144,57210.0,24.0,64.4,red,red,Small metro (pop. <500K)
"St. Joseph, MO",-0.042,40250.0,19.8,68.89999999999999,red,green,Small metro (pop. <500K)
"State College, PA",-0.02,50490.0,22.7,61.1,red,red,Small metro (pop. <500K)
"Staunton, VA",0.083,41400.0,23.1,72.39999999999999,red,green,Small metro (pop. <500K)
"Sumter, SC",-0.061,26680.0,18.3,67.10000000000001,red,red,Small metro (pop. <500K)
"Tallahassee, FL",0.001,153390.0,35.9,62.5,green,red,Small metro (pop. <500K)
"Terre Haute, IN",-0.055,54350.0,24.1,67.0,red,red,Small metro (pop. <500K)
"Texarkana, TX",-0.029,46050.0,21.2,68.10000000000001,red,green,Small metro (pop. <500K)
"The Villages, FL",0.255,23000.0,18.5,89.7,red,green,Small metro (pop. <500K)
"Topeka, KS",-0.006,97040.0,33.7,68.10000000000001,green,green,Small metro (pop. <500K)
"Trenton, NJ",0.017,212140.0,40.0,67.30000000000001,green,red,Small metro (pop. <500K)
"Tuscaloosa, AL",-0.043,85430.0,24.4,63.5,red,red,Small metro (pop. <500K)
"Twin Falls, ID",,35810.0,18.0,63.0,red,red,Small metro (pop. <500K)
"Tyler, TX",0.004,87350.0,30.2,65.5,green,red,Small metro (pop. <500K)
"Utica, NY",-0.025,105600.0,27.6,69.39999999999999,green,green,Small metro (pop. <500K)
"Valdosta, GA",-0.139,38930.0,22.6,61.1,red,red,Small metro (pop. <500K)
"Vallejo, CA",0.036,117060.0,28.2,68.7,green,green,Small metro (pop. <500K)
"Victoria, TX",-0.068,30910.0,22.8,65.8,red,red,Small metro (pop. <500K)
"Vineland, NJ",0.055,51030.0,22.1,67.9,red,green,Small metro (pop. <500K)
"Visalia, CA",0.051,139900.0,22.3,58.699999999999996,red,red,Small metro (pop. <500K)
"Waco, TX",-0.018,98380.0,27.6,61.3,green,red,Small metro (pop. <500K)
"Walla Walla, WA",0.023,17410.0,19.3,65.8,red,red,Small metro (pop. <500K)
"Warner Robins, GA",0.032,58500.0,31.0,65.4,green,red,Small metro (pop. <500K)
"Waterloo, IA",-0.051,72930.0,25.3,64.2,green,red,Small metro (pop. <500K)
"Watertown, NY",-0.044,31620.0,24.0,63.4,red,red,Small metro (pop. <500K)
"Wausau, WI",-0.025,60140.0,26.1,70.0,green,green,Small metro (pop. <500K)
"Weirton, WV",-0.093,27470.0,21.1,72.2,red,green,Small metro (pop. <500K)
"Wenatchee, WA",0.177,41470.0,23.6,67.2,red,red,Small metro (pop. <500K)
"Wheeling, WV",0.047,56760.0,24.6,72.8,red,green,Small metro (pop. <500K)
"Wichita Falls, TX",-0.025,45990.0,24.7,65.0,red,red,Small metro (pop. <500K)
"Williamsport, PA",-0.087,38990.0,19.1,70.39999999999999,red,green,Small metro (pop. <500K)
"Wilmington, NC",0.044,117970.0,30.2,68.8,green,green,Small metro (pop. <500K)
"Winchester, VA",0.031,49310.0,24.9,69.3,red,green,Small metro (pop. <500K)
"Yakima, WA",0.085,83570.0,25.2,60.6,red,red,Small metro (pop. <500K)
"York, PA",-0.036,160920.0,26.5,69.69999999999999,green,green,Small metro (pop. <500K)
"Yuba City, CA",0.058,35860.0,26.8,64.2,green,red,Small metro (pop. <500K)
"Yuma, AZ",0.053,52860.0,20.6,63.3,red,red,Small metro (pop. <500K)
